{
  "stats": {
    "suites": 1,
    "tests": 1,
    "passes": 0,
    "pending": 0,
    "failures": 1,
    "start": "2021-10-01T10:50:34.646Z",
    "end": "2021-10-01T10:51:41.059Z",
    "duration": 66413,
    "testsRegistered": 2,
    "passPercent": 0,
    "pendingPercent": 0,
    "other": 0,
    "hasOther": false,
    "skipped": 1,
    "hasSkipped": true
  },
  "results": [
    {
      "uuid": "e7be3437-bec2-4b4a-85fc-e5b1e875dde1",
      "title": "",
      "fullFile": "cypress/integration/2-advanced-examples/Hooks_test.js",
      "file": "cypress/integration/2-advanced-examples/Hooks_test.js",
      "beforeHooks": [],
      "afterHooks": [],
      "tests": [],
      "suites": [
        {
          "uuid": "23aa4af3-5016-4675-a7f8-d83683728bb2",
          "title": "Hooks Test",
          "fullFile": "",
          "file": "",
          "beforeHooks": [],
          "afterHooks": [],
          "tests": [
            {
              "title": "Hooks Test 1st",
              "fullTitle": "Hooks Test Hooks Test 1st",
              "timedOut": null,
              "duration": 60426,
              "state": "failed",
              "speed": null,
              "pass": false,
              "fail": true,
              "pending": false,
              "context": null,
              "code": "//cy.visit('https://www.daraz.pk/')\ncy.get(\"#q\").type('geezer');\ncy.wait(3000);\ncy.get(\"#topActionHeader > div > div.lzd-logo-bar > div > div.lzd-nav-search > form > div > div.search-box__search--2fC5 > button\").click();",
              "err": {
                "message": "CypressError: Timed out after waiting `60000ms` for your remote page to load.\n\nYour page did not fire its `load` event within `60000ms`.\n\nYou can try increasing the `pageLoadTimeout` value in `cypress.json` to wait longer.\n\nBrowsers will not fire the `load` event until all stylesheets and scripts are done downloading.\n\nWhen this `load` event occurs, Cypress will continue running commands.\n\nBecause this error occurred during a `before each` hook we are skipping the remaining tests in the current suite: `Hooks Test`",
                "estack": "CypressError: Timed out after waiting `60000ms` for your remote page to load.\n\nYour page did not fire its `load` event within `60000ms`.\n\nYou can try increasing the `pageLoadTimeout` value in `cypress.json` to wait longer.\n\nBrowsers will not fire the `load` event until all stylesheets and scripts are done downloading.\n\nWhen this `load` event occurs, Cypress will continue running commands.\n\nBecause this error occurred during a `before each` hook we are skipping the remaining tests in the current suite: `Hooks Test`\n    at timedOutWaitingForPageLoad (https://www.daraz.pk/__cypress/runner/cypress_runner.js:155054:72)\n    at https://www.daraz.pk/__cypress/runner/cypress_runner.js:156091:16\n    at tryCatcher (https://www.daraz.pk/__cypress/runner/cypress_runner.js:13212:23)\n    at https://www.daraz.pk/__cypress/runner/cypress_runner.js:8334:41\n    at tryCatcher (https://www.daraz.pk/__cypress/runner/cypress_runner.js:13212:23)\n    at Promise._settlePromiseFromHandler (https://www.daraz.pk/__cypress/runner/cypress_runner.js:11147:31)\n    at Promise._settlePromise (https://www.daraz.pk/__cypress/runner/cypress_runner.js:11204:18)\n    at Promise._settlePromise0 (https://www.daraz.pk/__cypress/runner/cypress_runner.js:11249:10)\n    at Promise._settlePromises (https://www.daraz.pk/__cypress/runner/cypress_runner.js:11325:18)\n    at _drainQueueStep (https://www.daraz.pk/__cypress/runner/cypress_runner.js:7919:12)\n    at _drainQueue (https://www.daraz.pk/__cypress/runner/cypress_runner.js:7912:9)\n    at Async.../../node_modules/bluebird/js/release/async.js.Async._drainQueues (https://www.daraz.pk/__cypress/runner/cypress_runner.js:7928:5)\n    at Async.drainQueues (https://www.daraz.pk/__cypress/runner/cypress_runner.js:7798:14)\nFrom Your Spec Code:\n    at Context.eval (https://www.daraz.pk/__cypress/tests?p=cypress\\integration\\2-advanced-examples\\Hooks_test.js:102:8)",
                "diff": null
              },
              "uuid": "e4900332-167d-4f39-b677-d58b97c8fc57",
              "parentUUID": "23aa4af3-5016-4675-a7f8-d83683728bb2",
              "isHook": false,
              "skipped": false
            },
            {
              "title": "Hooks Test 2nd login",
              "fullTitle": "Hooks Test Hooks Test 2nd login",
              "timedOut": null,
              "duration": 0,
              "state": "skipped",
              "speed": null,
              "pass": false,
              "fail": false,
              "pending": false,
              "context": null,
              "code": "//cy.visit('https://www.daraz.pk/')\ncy.get(\"#anonLogin > a\").click();\ncy.wait(3000);",
              "err": {},
              "uuid": "d6a1ce73-9644-4f0a-926a-144eaded36a0",
              "parentUUID": "23aa4af3-5016-4675-a7f8-d83683728bb2",
              "isHook": false,
              "skipped": true
            }
          ],
          "suites": [],
          "passes": [],
          "failures": [
            "e4900332-167d-4f39-b677-d58b97c8fc57"
          ],
          "pending": [],
          "skipped": [
            "d6a1ce73-9644-4f0a-926a-144eaded36a0"
          ],
          "duration": 60426,
          "root": false,
          "rootEmpty": false,
          "_timeout": 2000
        }
      ],
      "passes": [],
      "failures": [],
      "pending": [],
      "skipped": [],
      "duration": 0,
      "root": true,
      "rootEmpty": true,
      "_timeout": 2000
    }
  ],
  "meta": {
    "mocha": {
      "version": "7.0.1"
    },
    "mochawesome": {
      "options": {
        "quiet": false,
        "reportFilename": "report",
        "saveHtml": true,
        "saveJson": true,
        "consoleReporter": "spec",
        "useInlineDiffs": false,
        "code": true
      },
      "version": "6.3.0"
    },
    "marge": {
      "options": {
        "reportDir": "cypress/reports",
        "reportFilename": "report",
        "overwrite": false,
        "html": true,
        "json": true,
        "charts": true
      },
      "version": "5.2.0"
    }
  }
}