{
  "chromewebSecurity": true,
  "modifyObstructiveCode": false,
  "baseUrl": "https://dev-web.lovefromyours.com/",
  "env": {
    "devapi": "https://dev-api.lovefromyours.com"
},


"compilerOptions": {
  "types": ["cypress", "cypress-plugin-stripe-elements"]
},

  "defaultCommandTimeout": 10000,
  "theme": "yellow",
  "viewportWidth": 1920,
  "viewportHeight": 1080,
  "execTimeout": 60000,
  "pageloadTimeout": 60000,
  "requestTimeout": 15000,
  "responseTimeout": 15000,
  "reporter": "mochawesome",
  "reporteroptions": {
    "reportDir": "cypress/reports",
    "reportFilename": "report",
    "overwrite": true,
    "html": true,
    "json": true,
    "charts": true  
  },
 
  "video": false,
  "projectId": "u96k3s"

  
}
