
{
    "viewportWidth":1920,
    "viewportHeight":1080,
    "watchForFileChanges": true,
    "chromeWebSecurity": false,
    "waitForAnimation": true,
    "animationDistanceThreshold": 30,
    "defaultCommandTimeout": 12000,
    "execTimeout": 90000,
    "pageLoadTimeout": 90000,
    "requestTimeout": 15000,
    "responseTimeout": 15000,
    "video": true,
    "failOnStatusCode": false,
    "ignoreTestFiles": ["*.js"],
    "testFiles": "**/*.{feature,features}",
    "reporter": "./node_modules/mochawesome/src/mochawesome.js",
    "reporterOptions": {
      "reportDir": "cypress/reports/separate-reports",
      "overwrite": false,
      "html": false,
      "json": true,
      "charts": true
    },
    "env": {
      "TAGS": "@demo"
  }
}
